"一覧番号","モデル名","Full Path","位置X","位置Y","位置Z","同階層順番","PrimaryPart","画像","系統","レアリティ","排出Egg","能力","マージ先","Bone count","Bone roots","Bone invalid parent","Motor6D count","Motor valid endpoints","Motor invalid endpoints","Humanoid count","AnimationController count","Animator count","Animator valid parent","Motor components","Identification memo","Image failure reason"
"Pet-001","Pet_001","Workspace.Stud Egg & Pet.Mod.Model.Pets.Pet_001","120.682129","111.719200","2221.161377","88","HumanoidRootPart","Stud_Pet_Photos/Pet_001.jpg","","","","","","25","1","0","7","7","0","0","1","1","1","1","",""
"Pet-002","Pet_002","Workspace.Stud Egg & Pet.Mod.Model.Pets.Pet_002","125.052887","111.719200","2226.113281","178","HumanoidRootPart","Stud_Pet_Photos/Pet_002.jpg","","","","","","0","0","0","20","20","0","0","1","1","1","1","",""
"Pet-003","Pet_003","Workspace.Stud Egg & Pet.Mod.Model.Pets.Pet_003","130.806458","111.751984","2223.636963","153","HumanoidRootPart","Stud_Pet_Photos/Pet_003.jpg","","","","","","47","1","0","3","3","0","0","1","1","1","1","",""
"Pet-004","Pet_004","Workspace.Stud Egg & Pet.Mod.Model.Pets.Pet_004","137.488907","111.719215","2225.833984","126","HumanoidRootPart","Stud_Pet_Photos/Pet_004.jpg","","","","","","25","1","0","7","7","0","0","1","1","1","1","",""
"Pet-005","Pet_005","Workspace.Stud Egg & Pet.Mod.Model.Pets.Pet_005","138.771576","112.499420","2227.735840","157","HumanoidRootPart","Stud_Pet_Photos/Pet_005.jpg","","","","","","32","1","0","11","11","0","0","1","1","1","1","",""
"Pet-006","Pet_006","Workspace.Stud Egg & Pet.Mod.Model.Pets.Pet_006","143.280975","111.044220","2225.989258","13","HumanoidRootPart","Stud_Pet_Photos/Pet_006.jpg","","","","","","29","1","0","51","51","0","0","1","1","1","1","",""
"Pet-007","Pet_007","Workspace.Stud Egg & Pet.Mod.Model.Pets.Pet_007","147.230377","111.719193","2225.561279","179","HumanoidRootPart","Stud_Pet_Photos/Pet_007.jpg","","","","","","0","0","0","15","15","0","0","1","1","1","1","",""
"Pet-008","Pet_008","Workspace.Stud Egg & Pet.Mod.Model.Pets.Pet_008","151.879105","111.702011","2225.656494","173","HumanoidRootPart","Stud_Pet_Photos/Pet_008.jpg","","","","","","0","0","0","52","52","0","0","1","1","1","1","",""
"Pet-009","Pet_009","Workspace.Stud Egg & Pet.Mod.Model.Pets.Pet_009","156.493790","111.702187","2225.509766","137","HumanoidRootPart","Stud_Pet_Photos/Pet_009.jpg","","","","","","0","0","0","52","52","0","0","1","1","1","1","",""
"Pet-010","Pet_010","Workspace.Stud Egg & Pet.Mod.Model.Pets.Pet_010","162.246094","111.344917","2225.828369","19","HumanoidRootPart","Stud_Pet_Photos/Pet_010.jpg","","","","","","35","1","0","11","11","0","0","1","1","1","1","",""
"Pet-011","Pet_011","Workspace.Stud Egg & Pet.Mod.Model.Pets.Pet_011","168.590744","111.830124","2229.749512","122","HumanoidRootPart","Stud_Pet_Photos/Pet_011.jpg","","","","","","19","1","0","5","5","0","0","1","1","1","1","",""
"Pet-012","Pet_012","Workspace.Stud Egg & Pet.Mod.Model.Pets.Pet_012","175.751709","111.719200","2223.310059","38","HumanoidRootPart","Stud_Pet_Photos/Pet_012.jpg","","","","","","47","1","0","3","3","0","0","1","1","1","1","",""
"Pet-013","Pet_013","Workspace.Stud Egg & Pet.Mod.Model.Pets.Pet_013","175.613342","111.877342","2225.558105","12","HumanoidRootPart","Stud_Pet_Photos/Pet_013.jpg","","","","","","41","1","0","15","15","0","0","1","1","1","1","",""
"Pet-014","Pet_014","Workspace.Stud Egg & Pet.Mod.Model.Pets.Pet_014","180.213348","111.877342","2225.558105","80","HumanoidRootPart","Stud_Pet_Photos/Pet_014.jpg","","","","","","41","1","0","15","15","0","0","1","1","1","1","",""
"Pet-015","Pet_015","Workspace.Stud Egg & Pet.Mod.Model.Pets.Pet_015","184.841446","111.749725","2225.855713","3","HumanoidRootPart","Stud_Pet_Photos/Pet_015.jpg","","","","","","57","1","0","16","16","0","0","1","1","1","1","",""
"Pet-016","Pet_016","Workspace.Stud Egg & Pet.Mod.Model.Pets.Pet_016","189.417923","112.006889","2225.245361","180","HumanoidRootPart","Stud_Pet_Photos/Pet_016.jpg","","","","","","0","0","0","5","5","0","0","1","1","1","1","",""
"Pet-017","Pet_017","Workspace.Stud Egg & Pet.Mod.Model.Pets.Pet_017","194.013412","113.705032","2225.230957","177","HumanoidRootPart","Stud_Pet_Photos/Pet_017.jpg","","","","","","0","0","0","15","15","0","0","1","1","1","1","",""
"Pet-018","Pet_018","Workspace.Stud Egg & Pet.Mod.Model.Pets.Pet_018","198.613419","111.977760","2225.192139","55","HumanoidRootPart","Stud_Pet_Photos/Pet_018.jpg","","","","","","0","0","0","18","18","0","0","1","1","1","1","",""
"Pet-019","Pet_019","Workspace.Stud Egg & Pet.Mod.Model.Pets.Pet_019","203.213470","111.703072","2226.079834","56","HumanoidRootPart","Stud_Pet_Photos/Pet_019.jpg","","","","","","51","1","0","8","8","0","0","1","1","1","1","",""
"Pet-020","Pet_020","Workspace.Stud Egg & Pet.Mod.Model.Pets.Pet_020","207.807755","112.311440","2225.334961","170","HumanoidRootPart","Stud_Pet_Photos/Pet_020.jpg","","","","","","0","0","0","23","23","0","0","1","1","1","1","",""
"Pet-021","Pet_021","Workspace.Stud Egg & Pet.Mod.Model.Pets.Pet_021","120.413155","112.208054","2229.724365","116","HumanoidRootPart","Stud_Pet_Photos/Pet_021.jpg","","","","","","0","0","0","20","20","0","0","1","1","1","1","",""
"Pet-022","Pet_022","Workspace.Stud Egg & Pet.Mod.Model.Pets.Pet_022","125.013161","112.099304","2229.604248","109","HumanoidRootPart","Stud_Pet_Photos/Pet_022.jpg","","","","","","0","0","0","12","12","0","0","1","1","1","1","",""
"Pet-023","Pet_023","Workspace.Stud Egg & Pet.Mod.Model.Pets.Pet_023","129.611954","111.795937","2231.505127","121","HumanoidRootPart","Stud_Pet_Photos/Pet_023.jpg","","","","","","26","1","0","7","7","0","0","1","1","1","1","",""
"Pet-024","Pet_024","Workspace.Stud Egg & Pet.Mod.Model.Pets.Pet_024","134.229874","113.660103","2229.864990","43","HumanoidRootPart","Stud_Pet_Photos/Pet_024.jpg","","","","","","0","0","0","19","19","0","0","1","1","1","1","",""
"Pet-025","Pet_025","Workspace.Stud Egg & Pet.Mod.Model.Pets.Pet_025","138.799179","111.766571","2230.225342","32","HumanoidRootPart","Stud_Pet_Photos/Pet_025.jpg","","","","","","24","1","0","7","7","0","0","1","1","1","1","",""
"Pet-026","Pet_026","Workspace.Stud Egg & Pet.Mod.Model.Pets.Pet_026","143.413208","111.819420","2230.371826","26","HumanoidRootPart","Stud_Pet_Photos/Pet_026.jpg","","","","","","0","0","0","10","10","0","0","1","1","1","1","",""
"Pet-027","Pet_027","Workspace.Stud Egg & Pet.Mod.Model.Pets.Pet_027","148.013229","113.285324","2230.239502","37","HumanoidRootPart","Stud_Pet_Photos/Pet_027.jpg","","","","","","0","0","0","7","7","0","0","1","1","1","1","",""
"Pet-028","Pet_028","Workspace.Stud Egg & Pet.Mod.Model.Pets.Pet_028","152.352371","111.719200","2229.787598","110","HumanoidRootPart","Stud_Pet_Photos/Pet_028.jpg","","","","","","20","1","0","5","5","0","0","1","1","1","1","",""
"Pet-029","Pet_029","Workspace.Stud Egg & Pet.Mod.Model.Pets.Pet_029","157.213303","111.731026","2230.768311","69","HumanoidRootPart","Stud_Pet_Photos/Pet_029.jpg","","","","","","22","1","0","5","5","0","0","1","1","1","1","",""
"Pet-030","Pet_030","Workspace.Stud Egg & Pet.Mod.Model.Pets.Pet_030","161.809006","112.881844","2230.128174","167","HumanoidRootPart","Stud_Pet_Photos/Pet_030.jpg","","","","","","0","0","0","18","18","0","0","1","1","1","1","",""
"Pet-031","Pet_031","Workspace.Stud Egg & Pet.Mod.Model.Pets.Pet_031","166.413315","111.728683","2229.408203","154","HumanoidRootPart","Stud_Pet_Photos/Pet_031.jpg","","","","","","0","0","0","8","8","0","0","1","1","1","1","",""
"Pet-032","Pet_032","Workspace.Stud Egg & Pet.Mod.Model.Pets.Pet_032","171.072922","111.719200","2230.342773","39","HumanoidRootPart","Stud_Pet_Photos/Pet_032.jpg","","","","","","21","1","0","5","5","0","0","1","1","1","1","",""
"Pet-033","Pet_033","Workspace.Stud Egg & Pet.Mod.Model.Pets.Pet_033","175.613358","113.719185","2230.239502","9","HumanoidRootPart","Stud_Pet_Photos/Pet_033.jpg","","","","","","0","0","0","7","7","0","0","1","1","1","1","",""
"Pet-034","Pet_034","Workspace.Stud Egg & Pet.Mod.Model.Pets.Pet_034","180.213348","112.311607","2230.925781","64","HumanoidRootPart","Stud_Pet_Photos/Pet_034.jpg","","","","","","0","0","0","23","23","0","0","1","1","1","1","",""
"Pet-035","Pet_035","Workspace.Stud Egg & Pet.Mod.Model.Pets.Pet_035","184.813370","112.448677","2229.873535","21","HumanoidRootPart","Stud_Pet_Photos/Pet_035.jpg","","","","","","0","0","0","6","6","0","0","1","1","1","1","",""
"Pet-036","Pet_036","Workspace.Stud Egg & Pet.Mod.Model.Pets.Pet_036","189.413406","111.817055","2229.802002","84","HumanoidRootPart","Stud_Pet_Photos/Pet_036.jpg","","","","","","0","0","0","18","18","0","0","1","1","1","1","",""
"Pet-037","Pet_037","Workspace.Stud Egg & Pet.Mod.Model.Pets.Pet_037","194.013443","111.985100","2230.239502","83","HumanoidRootPart","Stud_Pet_Photos/Pet_037.jpg","","","","","","0","0","0","5","5","0","0","1","1","1","1","",""
"Pet-038","Pet_038","Workspace.Stud Egg & Pet.Mod.Model.Pets.Pet_038","198.613449","111.547462","2230.554443","117","HumanoidRootPart","Stud_Pet_Photos/Pet_038.jpg","","","","","","47","1","0","5","5","0","0","1","1","1","1","",""
"Pet-039","Pet_039","Workspace.Stud Egg & Pet.Mod.Model.Pets.Pet_039","203.179749","112.139580","2229.572510","57","HumanoidRootPart","Stud_Pet_Photos/Pet_039.jpg","","","","","","0","0","0","52","52","0","0","1","1","1","1","",""
"Pet-040","Pet_040","Workspace.Stud Egg & Pet.Mod.Model.Pets.Pet_040","207.813492","113.700500","2230.239502","146","HumanoidRootPart","Stud_Pet_Photos/Pet_040.jpg","","","","","","0","0","0","4","4","0","0","1","1","1","1","",""
"Pet-041","Pet_041","Workspace.Stud Egg & Pet.Mod.Model.Pets.Pet_041","120.417816","111.719200","2234.847656","61","HumanoidRootPart","","","","","","","19","1","0","6","6","0","0","1","1","1","1","","Visible MeshParts exist (Transparency=0, LocalTransparencyModifier=0), but the existing Edit viewport did not render the body. Cause of missing mesh rendering unverified."
"Pet-042","Pet_042","Workspace.Stud Egg & Pet.Mod.Model.Pets.Pet_042","125.013161","113.334641","2234.584717","158","HumanoidRootPart","Stud_Pet_Photos/Pet_042.jpg","","","","","","0","0","0","8","8","0","0","1","1","1","1","",""
"Pet-043","Pet_043","Workspace.Stud Egg & Pet.Mod.Model.Pets.Pet_043","129.613190","111.802803","2235.365234","5","HumanoidRootPart","Stud_Pet_Photos/Pet_043.jpg","","","","","","0","0","0","14","14","0","0","1","1","1","1","",""
"Pet-044","Pet_044","Workspace.Stud Egg & Pet.Mod.Model.Pets.Pet_044","134.213196","111.715111","2235.091064","16","HumanoidRootPart","Stud_Pet_Photos/Pet_044.jpg","","","","","","26","1","0","4","4","0","0","1","1","1","1","",""
"Pet-045","Pet_045","Workspace.Stud Egg & Pet.Mod.Model.Pets.Pet_045","138.813187","111.730545","2234.844727","34","HumanoidRootPart","Stud_Pet_Photos/Pet_045.jpg","","","","","","25","1","0","10","10","0","0","1","1","1","1","",""
"Pet-046","Pet_046","Workspace.Stud Egg & Pet.Mod.Model.Pets.Pet_046","143.413193","111.628075","2234.839600","166","HumanoidRootPart","Stud_Pet_Photos/Pet_046.jpg","","","","","","77","1","0","13","13","0","0","1","1","1","1","",""
"Pet-047","Pet_047","Workspace.Stud Egg & Pet.Mod.Model.Pets.Pet_047","148.018265","112.073441","2234.472900","133","HumanoidRootPart","Stud_Pet_Photos/Pet_047.jpg","","","","","","43","5","0","54","54","0","0","1","1","1","1","",""
"Pet-048","Pet_048","Workspace.Stud Egg & Pet.Mod.Model.Pets.Pet_048","152.613266","111.125793","2234.839600","127","HumanoidRootPart","Stud_Pet_Photos/Pet_048.jpg","","","","","","26","1","0","6","6","0","0","1","1","1","1","",""
"Pet-049","Pet_049","Workspace.Stud Egg & Pet.Mod.Model.Pets.Pet_049","157.205139","111.719170","2234.137451","143","HumanoidRootPart","Stud_Pet_Photos/Pet_049.jpg","","","","","","42","1","0","7","7","0","0","1","1","1","1","",""
"Pet-050","Pet_050","Workspace.Stud Egg & Pet.Mod.Model.Pets.Pet_050","161.813324","112.636093","2234.839600","145","HumanoidRootPart","Stud_Pet_Photos/Pet_050.jpg","","","","","","0","0","0","10","10","0","0","1","1","1","1","",""
"Pet-051","Pet_051","Workspace.Stud Egg & Pet.Mod.Model.Pets.Pet_051","166.413574","111.717728","2234.055664","119","HumanoidRootPart","Stud_Pet_Photos/Pet_051.jpg","","","","","","21","1","0","6","6","0","0","1","1","1","1","",""
"Pet-052","Pet_052","Workspace.Stud Egg & Pet.Mod.Model.Pets.Pet_052","171.013351","112.204895","2235.179199","115","HumanoidRootPart","Stud_Pet_Photos/Pet_052.jpg","","","","","","0","0","0","36","36","0","0","1","1","1","1","",""
"Pet-053","Pet_053","Workspace.Stud Egg & Pet.Mod.Model.Pets.Pet_053","175.613342","111.749672","2234.907715","102","HumanoidRootPart","Stud_Pet_Photos/Pet_053.jpg","","","","","","22","1","0","8","8","0","0","1","1","1","1","",""
"Pet-054","Pet_054","Workspace.Stud Egg & Pet.Mod.Model.Pets.Pet_054","180.245697","113.208862","2234.730713","106","HumanoidRootPart","Stud_Pet_Photos/Pet_054.jpg","","","","","","0","0","0","17","17","0","0","1","1","1","1","",""
"Pet-055","Pet_055","Workspace.Stud Egg & Pet.Mod.Model.Pets.Pet_055","184.813370","111.682846","2234.173340","71","HumanoidRootPart","Stud_Pet_Photos/Pet_055.jpg","","","","","","44","3","0","8","8","0","0","1","1","1","1","",""
"Pet-056","Pet_056","Workspace.Stud Egg & Pet.Mod.Model.Pets.Pet_056","189.413559","111.788185","2234.862061","130","HumanoidRootPart","Stud_Pet_Photos/Pet_056.jpg","","","","","","12","2","0","13","13","0","0","1","1","1","1","",""
"Pet-057","Pet_057","Workspace.Stud Egg & Pet.Mod.Model.Pets.Pet_057","194.013428","111.719200","2234.337891","46","HumanoidRootPart","Stud_Pet_Photos/Pet_057.jpg","","","","","","13","1","0","5","5","0","0","1","1","1","1","",""
"Pet-058","Pet_058","Workspace.Stud Egg & Pet.Mod.Model.Pets.Pet_058","198.613586","111.691261","2234.298340","66","HumanoidRootPart","Stud_Pet_Photos/Pet_058.jpg","","","","","","10","1","0","10","10","0","0","1","0","0","1","",""
"Pet-059","Pet_059","Workspace.Stud Egg & Pet.Mod.Model.Pets.Pet_059","203.264404","111.965012","2234.500732","161","HumanoidRootPart","Stud_Pet_Photos/Pet_059.jpg","","","","","","0","0","0","25","25","0","0","1","1","1","1","",""
"Pet-060","Pet_060","Workspace.Stud Egg & Pet.Mod.Model.Pets.Pet_060","207.818771","111.722435","2234.585205","52","HumanoidRootPart","Stud_Pet_Photos/Pet_060.jpg","","","","","","5","1","0","16","16","0","0","1","1","1","1","",""
"Pet-061","Pet_061","Workspace.Stud Egg & Pet.Mod.Model.Pets.Pet_061","120.413147","111.730804","2239.439453","82","HumanoidRootPart","Stud_Pet_Photos/Pet_061.jpg","","","","","","25","5","0","9","9","0","0","1","1","1","1","",""
"Pet-062","Pet_062","Workspace.Stud Egg & Pet.Mod.Model.Pets.Pet_062","125.026825","112.400688","2239.381836","1","HumanoidRootPart","Stud_Pet_Photos/Pet_062.jpg","","","","","","0","0","0","12","12","0","0","1","1","1","1","",""
"Pet-063","Pet_063","Workspace.Stud Egg & Pet.Mod.Model.Pets.Pet_063","129.613190","113.719185","2239.439453","171","HumanoidRootPart","Stud_Pet_Photos/Pet_063.jpg","","","","","","0","0","0","9","9","0","0","1","1","1","1","",""
"Pet-064","Pet_064","Workspace.Stud Egg & Pet.Mod.Model.Pets.Pet_064","134.213196","112.843826","2239.439453","169","HumanoidRootPart","Stud_Pet_Photos/Pet_064.jpg","","","","","","0","0","0","11","11","0","0","1","1","1","1","",""
"Pet-065","Pet_065","Workspace.Stud Egg & Pet.Mod.Model.Pets.Pet_065","138.813171","111.830116","2239.128174","138","HumanoidRootPart","Stud_Pet_Photos/Pet_065.jpg","","","","","","14","1","0","4","4","0","0","1","1","1","1","",""
"Pet-066","Pet_066","Workspace.Stud Egg & Pet.Mod.Model.Pets.Pet_066","143.395050","112.441582","2238.759521","118","HumanoidRootPart","Stud_Pet_Photos/Pet_066.jpg","","","","","","50","1","0","11","11","0","0","1","1","1","1","",""
"Pet-067","Pet_067","Workspace.Stud Egg & Pet.Mod.Model.Pets.Pet_067","148.013229","111.778244","2239.106689","131","HumanoidRootPart","Stud_Pet_Photos/Pet_067.jpg","","","","","","31","5","0","7","7","0","0","1","1","1","1","",""
"Pet-068","Pet_068","Workspace.Stud Egg & Pet.Mod.Model.Pets.Pet_068","152.613266","111.467545","2239.439453","149","HumanoidRootPart","Stud_Pet_Photos/Pet_068.jpg","","","","","","30","1","0","8","8","0","0","1","1","1","1","",""
"Pet-069","Pet_069","Workspace.Stud Egg & Pet.Mod.Model.Pets.Pet_069","157.213303","112.189529","2238.907227","159","HumanoidRootPart","Stud_Pet_Photos/Pet_069.jpg","","","","","","0","0","0","7","7","0","0","1","1","1","1","",""
"Pet-070","Pet_070","Workspace.Stud Egg & Pet.Mod.Model.Pets.Pet_070","161.814804","111.703110","2239.672852","8","HumanoidRootPart","Stud_Pet_Photos/Pet_070.jpg","","","","","","24","1","0","10","10","0","0","1","1","1","1","",""
"Pet-071","Pet_071","Workspace.Stud Egg & Pet.Mod.Model.Pets.Pet_071","166.413467","113.520515","2239.768066","168","HumanoidRootPart","Stud_Pet_Photos/Pet_071.jpg","","","","","","0","0","0","6","6","0","0","1","1","1","1","",""
"Pet-072","Pet_072","Workspace.Stud Egg & Pet.Mod.Model.Pets.Pet_072","171.027054","112.071594","2239.193604","96","HumanoidRootPart","Stud_Pet_Photos/Pet_072.jpg","","","","","","0","0","0","7","7","0","0","1","1","1","1","",""
"Pet-073","Pet_073","Workspace.Stud Egg & Pet.Mod.Model.Pets.Pet_073","175.613358","111.806793","2239.439453","25","HumanoidRootPart","Stud_Pet_Photos/Pet_073.jpg","","","","","","12","2","0","8","8","0","0","1","1","1","1","",""
"Pet-074","Pet_074","Workspace.Stud Egg & Pet.Mod.Model.Pets.Pet_074","180.213348","112.570015","2239.639648","50","HumanoidRootPart","Stud_Pet_Photos/Pet_074.jpg","","","","","","32","1","0","8","8","0","0","1","1","1","1","",""
"Pet-075","Pet_075","Workspace.Stud Egg & Pet.Mod.Model.Pets.Pet_075","184.813370","111.717087","2238.936279","128","HumanoidRootPart","Stud_Pet_Photos/Pet_075.jpg","","","","","","29","1","0","14","14","0","0","1","1","1","1","",""
"Pet-076","Pet_076","Workspace.Stud Egg & Pet.Mod.Model.Pets.Pet_076","189.413406","111.849846","2239.439453","23","HumanoidRootPart","Stud_Pet_Photos/Pet_076.jpg","","","","","","0","0","0","16","16","0","0","1","1","1","1","",""
"Pet-077","Pet_077","Workspace.Stud Egg & Pet.Mod.Model.Pets.Pet_077","194.013443","112.722229","2239.264648","30","HumanoidRootPart","Stud_Pet_Photos/Pet_077.jpg","","","","","","0","0","0","21","21","0","0","1","1","1","1","",""
"Pet-078","Pet_078","Workspace.Stud Egg & Pet.Mod.Model.Pets.Pet_078","198.613464","112.259804","2238.594482","89","HumanoidRootPart","Stud_Pet_Photos/Pet_078.jpg","","","","","","0","0","0","7","7","0","0","1","1","1","1","",""
"Pet-079","Pet_079","Workspace.Stud Egg & Pet.Mod.Model.Pets.Pet_079","203.213470","111.623184","2239.439453","78","HumanoidRootPart","Stud_Pet_Photos/Pet_079.jpg","","","","","","23","1","0","0","0","0","0","1","1","1","0","",""
"Pet-080","Pet_080","Workspace.Stud Egg & Pet.Mod.Model.Pets.Pet_080","207.813492","112.564941","2239.777344","107","HumanoidRootPart","Stud_Pet_Photos/Pet_080.jpg","","","","","","0","0","0","15","15","0","0","1","1","1","1","",""
"Pet-081","Pet_081","Workspace.Stud Egg & Pet.Mod.Model.Pets.Pet_081","120.519829","111.719200","2244.224365","125","HumanoidRootPart","Stud_Pet_Photos/Pet_081.jpg","","","","","","9","1","0","3","3","0","0","1","1","1","1","",""
"Pet-082","Pet_082","Workspace.Stud Egg & Pet.Mod.Model.Pets.Pet_082","125.013168","111.276421","2244.039551","151","HumanoidRootPart","Stud_Pet_Photos/Pet_082.jpg","","","","","","26","3","0","10","10","0","0","1","1","1","1","",""
"Pet-083","Pet_083","Workspace.Stud Egg & Pet.Mod.Model.Pets.Pet_083","129.613174","112.090584","2243.515381","7","HumanoidRootPart","Stud_Pet_Photos/Pet_083.jpg","","","","","","0","0","0","7","7","0","0","1","1","1","1","",""
"Pet-084","Pet_084","Workspace.Stud Egg & Pet.Mod.Model.Pets.Pet_084","134.214081","113.363853","2243.922852","10","HumanoidRootPart","Stud_Pet_Photos/Pet_084.jpg","","","","","","0","0","0","16","16","0","0","1","1","1","1","",""
"Pet-085","Pet_085","Workspace.Stud Egg & Pet.Mod.Model.Pets.Pet_085","138.813187","111.838303","2242.675537","91","HumanoidRootPart","Stud_Pet_Photos/Pet_085.jpg","","","","","","32","1","0","11","11","0","0","1","1","1","1","",""
"Pet-086","Pet_086","Workspace.Stud Egg & Pet.Mod.Model.Pets.Pet_086","143.413193","112.368309","2244.250244","172","HumanoidRootPart","Stud_Pet_Photos/Pet_086.jpg","","","","","","0","0","0","23","23","0","0","1","1","1","1","",""
"Pet-087","Pet_087","Workspace.Stud Egg & Pet.Mod.Model.Pets.Pet_087","148.013153","112.551041","2243.709473","144","HumanoidRootPart","Stud_Pet_Photos/Pet_087.jpg","","","","","","0","0","0","16","16","0","0","1","1","1","1","",""
"Pet-088","Pet_088","Workspace.Stud Egg & Pet.Mod.Model.Pets.Pet_088","152.607605","112.112343","2243.391357","176","HumanoidRootPart","Stud_Pet_Photos/Pet_088.jpg","","","","","","50","1","0","11","11","0","0","1","1","1","1","",""
"Pet-089","Pet_089","Workspace.Stud Egg & Pet.Mod.Model.Pets.Pet_089","157.213303","111.605423","2243.781494","150","HumanoidRootPart","Stud_Pet_Photos/Pet_089.jpg","","","","","","36","1","0","8","8","0","0","1","0","0","1","",""
"Pet-090","Pet_090","Workspace.Stud Egg & Pet.Mod.Model.Pets.Pet_090","161.420517","111.875458","2244.052734","141","HumanoidRootPart","Stud_Pet_Photos/Pet_090.jpg","","","","","","0","0","0","14","14","0","0","1","1","1","1","",""
"Pet-091","Pet_091","Workspace.Stud Egg & Pet.Mod.Model.Pets.Pet_091","166.413345","111.981033","2243.804443","140","HumanoidRootPart","Stud_Pet_Photos/Pet_091.jpg","","","","","","47","1","0","3","3","0","0","1","1","1","1","",""
"Pet-092","Pet_092","Workspace.Stud Egg & Pet.Mod.Model.Pets.Pet_092","170.986435","112.934181","2243.333496","162","HumanoidRootPart","Stud_Pet_Photos/Pet_092.jpg","","","","","","0","0","0","20","20","0","0","1","1","1","1","",""
"Pet-093","Pet_093","Workspace.Stud Egg & Pet.Mod.Model.Pets.Pet_093","175.613373","111.777428","2244.123779","147","HumanoidRootPart","Stud_Pet_Photos/Pet_093.jpg","","","","","","26","1","0","4","4","0","0","1","1","1","1","",""
"Pet-094","Pet_094","Workspace.Stud Egg & Pet.Mod.Model.Pets.Pet_094","180.213364","111.758499","2244.125732","68","HumanoidRootPart","Stud_Pet_Photos/Pet_094.jpg","","","","","","27","2","0","7","7","0","0","1","1","1","1","",""
"Pet-095","Pet_095","Workspace.Stud Egg & Pet.Mod.Model.Pets.Pet_095","184.813370","111.720047","2243.571533","65","HumanoidRootPart","","","","","","","47","5","0","8","8","0","0","1","1","1","1","","Existing Edit viewport rendered effects/partial geometry without an identifiable complete body; not accepted as a photo."
"Pet-096","Pet_096","Workspace.Stud Egg & Pet.Mod.Model.Pets.Pet_096","189.413391","112.417557","2243.347168","45","HumanoidRootPart","Stud_Pet_Photos/Pet_096.jpg","","","","","","17","1","0","8","8","0","0","1","1","1","1","",""
"Pet-097","Pet_097","Workspace.Stud Egg & Pet.Mod.Model.Pets.Pet_097","193.701691","111.960396","2243.962891","40","HumanoidRootPart","Stud_Pet_Photos/Pet_097.jpg","","","","","","0","0","0","25","25","0","0","1","1","1","1","",""
"Pet-098","Pet_098","Workspace.Stud Egg & Pet.Mod.Model.Pets.Pet_098","198.613464","111.585358","2244.039551","100","HumanoidRootPart","Stud_Pet_Photos/Pet_098.jpg","","","","","","39","1","0","12","12","0","0","1","1","1","1","",""
"Pet-099","Pet_099","Workspace.Stud Egg & Pet.Mod.Model.Pets.Pet_099","203.213455","111.718201","2244.039551","36","HumanoidRootPart","Stud_Pet_Photos/Pet_099.jpg","","","","","","15","1","0","9","9","0","0","1","1","1","1","",""
"Pet-100","Pet_100","Workspace.Stud Egg & Pet.Mod.Model.Pets.Pet_100","207.813477","111.763145","2244.039063","44","HumanoidRootPart","Stud_Pet_Photos/Pet_100.jpg","","","","","","28","1","0","8","8","0","0","1","1","1","1","",""
"Pet-101","Pet_101","Workspace.Stud Egg & Pet.Mod.Model.Pets.Pet_101","120.413162","112.166031","2247.778076","112","HumanoidRootPart","Stud_Pet_Photos/Pet_101.jpg","","","","","","0","0","0","11","11","0","0","1","1","1","1","",""
"Pet-102","Pet_102","Workspace.Stud Egg & Pet.Mod.Model.Pets.Pet_102","125.013176","113.584236","2248.639648","114","HumanoidRootPart","Stud_Pet_Photos/Pet_102.jpg","","","","","","0","0","0","10","10","0","0","1","1","1","1","",""
"Pet-103","Pet_103","Workspace.Stud Egg & Pet.Mod.Model.Pets.Pet_103","129.613312","111.800339","2248.903564","113","HumanoidRootPart","Stud_Pet_Photos/Pet_103.jpg","","","","","","0","0","0","14","14","0","0","1","0","0","1","",""
"Pet-104","Pet_104","Workspace.Stud Egg & Pet.Mod.Model.Pets.Pet_104","134.186371","111.719193","2248.612793","72","HumanoidRootPart","Stud_Pet_Photos/Pet_104.jpg","","","","","","10","1","0","12","12","0","0","1","1","1","1","",""
"Pet-105","Pet_105","Workspace.Stud Egg & Pet.Mod.Model.Pets.Pet_105","138.813187","111.719193","2248.639648","47","HumanoidRootPart","Stud_Pet_Photos/Pet_105.jpg","","","","","","11","1","0","6","6","0","0","1","1","1","1","",""
"Pet-106","Pet_106","Workspace.Stud Egg & Pet.Mod.Model.Pets.Pet_106","143.413193","111.729767","2248.425293","53","HumanoidRootPart","Stud_Pet_Photos/Pet_106.jpg","","","","","","36","1","0","5","5","0","0","1","1","1","1","",""
"Pet-107","Pet_107","Workspace.Stud Egg & Pet.Mod.Model.Pets.Pet_107","148.013245","111.809822","2248.424072","28","HumanoidRootPart","Stud_Pet_Photos/Pet_107.jpg","","","","","","14","1","0","11","11","0","0","1","1","1","1","",""
"Pet-108","Pet_108","Workspace.Stud Egg & Pet.Mod.Model.Pets.Pet_108","152.613266","111.637573","2248.639648","94","HumanoidRootPart","Stud_Pet_Photos/Pet_108.jpg","","","","","","77","1","0","12","12","0","0","1","1","1","1","",""
"Pet-109","Pet_109","Workspace.Stud Egg & Pet.Mod.Model.Pets.Pet_109","157.213257","111.147293","2248.639648","90","HumanoidRootPart","Stud_Pet_Photos/Pet_109.jpg","","","","","","26","1","0","9","9","0","0","1","1","1","1","",""
"Pet-110","Pet_110","Workspace.Stud Egg & Pet.Mod.Model.Pets.Pet_110","161.813324","111.467575","2248.639648","33","HumanoidRootPart","Stud_Pet_Photos/Pet_110.jpg","","","","","","30","1","0","10","10","0","0","1","1","1","1","",""
"Pet-111","Pet_111","Workspace.Stud Egg & Pet.Mod.Model.Pets.Pet_111","166.413345","110.752991","2248.639648","49","HumanoidRootPart","Stud_Pet_Photos/Pet_111.jpg","","","","","","26","1","0","22","22","0","0","1","1","1","1","",""
"Pet-112","Pet_112","Workspace.Stud Egg & Pet.Mod.Model.Pets.Pet_112","171.013351","111.602287","2248.639648","2","HumanoidRootPart","Stud_Pet_Photos/Pet_112.jpg","","","","","","37","1","0","10","10","0","0","1","1","1","1","",""
"Pet-113","Pet_113","Workspace.Stud Egg & Pet.Mod.Model.Pets.Pet_113","175.613358","111.216156","2248.639648","108","HumanoidRootPart","Stud_Pet_Photos/Pet_113.jpg","","","","","","32","1","0","7","7","0","0","1","1","1","1","",""
"Pet-114","Pet_114","Workspace.Stud Egg & Pet.Mod.Model.Pets.Pet_114","180.213516","111.718109","2248.089844","105","HumanoidRootPart","Stud_Pet_Photos/Pet_114.jpg","","","","","","10","1","0","8","8","0","0","1","0","0","1","",""
"Pet-115","Pet_115","Workspace.Stud Egg & Pet.Mod.Model.Pets.Pet_115","184.813370","112.883430","2248.348633","175","HumanoidRootPart","Stud_Pet_Photos/Pet_115.jpg","","","","","","0","0","0","23","23","0","0","1","1","1","1","",""
"Pet-116","Pet_116","Workspace.Stud Egg & Pet.Mod.Model.Pets.Pet_116","189.424866","111.913933","2247.973145","67","HumanoidRootPart","Stud_Pet_Photos/Pet_116.jpg","","","","","","35","1","0","11","11","0","0","1","1","1","1","",""
"Pet-117","Pet_117","Workspace.Stud Egg & Pet.Mod.Model.Pets.Pet_117","194.013443","111.825417","2249.024170","41","HumanoidRootPart","Stud_Pet_Photos/Pet_117.jpg","","","","","","38","1","0","5","5","0","0","1","1","1","1","",""
"Pet-118","Pet_118","Workspace.Stud Egg & Pet.Mod.Model.Pets.Pet_118","198.613449","111.719818","2248.677979","15","HumanoidRootPart","Stud_Pet_Photos/Pet_118.jpg","","","","","","40","5","0","16","16","0","0","1","1","1","1","",""
"Pet-119","Pet_119","Workspace.Stud Egg & Pet.Mod.Model.Pets.Pet_119","203.331375","111.740883","2248.757324","120","HumanoidRootPart","","","","","","","14","1","0","6","6","0","0","1","1","1","1","","Visible MeshParts exist (Transparency=0, LocalTransparencyModifier=0), but the existing Edit viewport did not render the body. Cause of missing mesh rendering unverified."
"Pet-120","Pet_120","Workspace.Stud Egg & Pet.Mod.Model.Pets.Pet_120","207.813492","112.250412","2248.373535","174","HumanoidRootPart","Stud_Pet_Photos/Pet_120.jpg","","","","","","0","0","0","11","11","0","0","1","1","1","1","",""
"Pet-121","Pet_121","Workspace.Stud Egg & Pet.Mod.Model.Pets.Pet_121","120.413147","112.732834","2253.239502","73","HumanoidRootPart","Stud_Pet_Photos/Pet_121.jpg","","","","","","8","1","0","12","12","0","0","1","1","1","1","",""
"Pet-122","Pet_122","Workspace.Stud Egg & Pet.Mod.Model.Pets.Pet_122","125.013161","111.542389","2252.672363","111","HumanoidRootPart","Stud_Pet_Photos/Pet_122.jpg","","","","","","29","3","0","4","4","0","0","1","1","1","1","",""
"Pet-123","Pet_123","Workspace.Stud Egg & Pet.Mod.Model.Pets.Pet_123","129.613190","111.560547","2252.627197","4","HumanoidRootPart","Stud_Pet_Photos/Pet_123.jpg","","","","","","34","5","0","4","4","0","0","1","1","1","1","",""
"Pet-124","Pet_124","Workspace.Stud Egg & Pet.Mod.Model.Pets.Pet_124","134.213043","113.719193","2253.050049","134","HumanoidRootPart","Stud_Pet_Photos/Pet_124.jpg","","","","","","0","0","0","10","10","0","0","1","1","1","1","",""
"Pet-125","Pet_125","Workspace.Stud Egg & Pet.Mod.Model.Pets.Pet_125","138.811508","112.411880","2253.165527","132","HumanoidRootPart","Stud_Pet_Photos/Pet_125.jpg","","","","","","13","5","0","15","15","0","0","1","1","1","1","",""
"Pet-126","Pet_126","Workspace.Stud Egg & Pet.Mod.Model.Pets.Pet_126","143.413162","111.929588","2253.138672","31","HumanoidRootPart","Stud_Pet_Photos/Pet_126.jpg","","","","","","45","1","0","25","25","0","0","1","1","1","1","",""
"Pet-127","Pet_127","Workspace.Stud Egg & Pet.Mod.Model.Pets.Pet_127","148.013214","112.573616","2252.970215","74","HumanoidRootPart","Stud_Pet_Photos/Pet_127.jpg","","","","","","0","0","0","11","11","0","0","1","1","1","1","",""
"Pet-128","Pet_128","Workspace.Stud Egg & Pet.Mod.Model.Pets.Pet_128","152.613251","111.424164","2253.239502","76","HumanoidRootPart","Stud_Pet_Photos/Pet_128.jpg","","","","","","29","1","0","1","1","0","0","1","1","1","1","",""
"Pet-129","Pet_129","Workspace.Stud Egg & Pet.Mod.Model.Pets.Pet_129","157.213287","111.719200","2253.422607","70","HumanoidRootPart","Stud_Pet_Photos/Pet_129.jpg","","","","","","24","1","0","4","4","0","0","1","1","1","1","",""
"Pet-130","Pet_130","Workspace.Stud Egg & Pet.Mod.Model.Pets.Pet_130","159.816254","111.728943","2253.371582","63","","","","","","","","10","2","0","25","25","0","0","2","1","1","2","","Two separated sub-rigs contain approximately 0.001-0.012 stud visible parts about 4 studs apart. Whole-model framing cannot resolve both at current size; no scaling or movement performed."
"Pet-131","Pet_131","Workspace.Stud Egg & Pet.Mod.Model.Pets.Pet_131","166.413345","111.719147","2252.739258","59","HumanoidRootPart","Stud_Pet_Photos/Pet_131.jpg","","","","","","23","1","0","8","8","0","0","1","1","1","1","",""
"Pet-132","Pet_132","Workspace.Stud Egg & Pet.Mod.Model.Pets.Pet_132","171.013351","111.735580","2253.587891","17","HumanoidRootPart","Stud_Pet_Photos/Pet_132.jpg","","","","","","23","1","0","8","8","0","0","1","1","1","1","",""
"Pet-133","Pet_133","Workspace.Stud Egg & Pet.Mod.Model.Pets.Pet_133","175.647385","112.497444","2252.854492","14","HumanoidRootPart","Stud_Pet_Photos/Pet_133.jpg","","","","","","16","1","0","4","4","0","0","1","1","1","1","",""
"Pet-134","Pet_134","Workspace.Stud Egg & Pet.Mod.Model.Pets.Pet_134","180.508896","111.857582","2253.239502","48","HumanoidRootPart","Stud_Pet_Photos/Pet_134.jpg","","","","","","22","1","0","12","12","0","0","1","1","1","1","",""
"Pet-135","Pet_135","Workspace.Stud Egg & Pet.Mod.Model.Pets.Pet_135","184.813370","111.794029","2253.219727","22","HumanoidRootPart","Stud_Pet_Photos/Pet_135.jpg","","","","","","15","1","0","7","7","0","0","1","1","1","1","",""
"Pet-136","Pet_136","Workspace.Stud Egg & Pet.Mod.Model.Pets.Pet_136","189.413391","111.658859","2253.269287","54","HumanoidRootPart","Stud_Pet_Photos/Pet_136.jpg","","","","","","19","1","0","5","5","0","0","1","1","1","1","",""
"Pet-137","Pet_137","Workspace.Stud Egg & Pet.Mod.Model.Pets.Pet_137","194.013428","111.719200","2252.892334","87","HumanoidRootPart","Stud_Pet_Photos/Pet_137.jpg","","","","","","0","0","0","8","7","1","0","1","1","1","1","",""
"Pet-138","Pet_138","Workspace.Stud Egg & Pet.Mod.Model.Pets.Pet_138","198.613464","111.731575","2252.843018","81","HumanoidRootPart","Stud_Pet_Photos/Pet_138.jpg","","","","","","24","1","0","6","6","0","0","1","1","1","1","",""
"Pet-139","Pet_139","Workspace.Stud Egg & Pet.Mod.Model.Pets.Pet_139","203.213455","112.289886","2253.382080","95","HumanoidRootPart","Stud_Pet_Photos/Pet_139.jpg","","","","","","0","0","0","9","9","0","0","1","1","1","1","",""
"Pet-140","Pet_140","Workspace.Stud Egg & Pet.Mod.Model.Pets.Pet_140","207.813477","111.765907","2253.428467","98","HumanoidRootPart","Stud_Pet_Photos/Pet_140.jpg","","","","","","50","1","0","12","12","0","0","1","1","1","1","",""
"Pet-141","Pet_141","Workspace.Stud Egg & Pet.Mod.Model.Pets.Pet_141","120.413147","111.205490","2257.839600","27","HumanoidRootPart","Stud_Pet_Photos/Pet_141.jpg","","","","","","32","1","0","9","9","0","0","1","1","1","1","",""
"Pet-142","Pet_142","Workspace.Stud Egg & Pet.Mod.Model.Pets.Pet_142","125.013168","111.767075","2257.999023","92","HumanoidRootPart","Stud_Pet_Photos/Pet_142.jpg","","","","","","33","1","0","6","6","0","0","1","1","1","1","",""
"Pet-143","Pet_143","Workspace.Stud Egg & Pet.Mod.Model.Pets.Pet_143","129.613190","111.704247","2257.536133","93","HumanoidRootPart","Stud_Pet_Photos/Pet_143.jpg","","","","","","27","1","0","4","4","0","0","1","1","1","1","",""
"Pet-144","Pet_144","Workspace.Stud Egg & Pet.Mod.Model.Pets.Pet_144","134.213196","111.790810","2257.848145","97","HumanoidRootPart","Stud_Pet_Photos/Pet_144.jpg","","","","","","17","2","0","12","12","0","0","1","1","1","1","",""
"Pet-145","Pet_145","Workspace.Stud Egg & Pet.Mod.Model.Pets.Pet_145","138.813187","111.793045","2257.234619","29","HumanoidRootPart","Stud_Pet_Photos/Pet_145.jpg","","","","","","25","1","0","7","7","0","0","1","1","1","1","",""
"Pet-146","Pet_146","Workspace.Stud Egg & Pet.Mod.Model.Pets.Pet_146","143.413193","111.741600","2257.801514","62","HumanoidRootPart","Stud_Pet_Photos/Pet_146.jpg","","","","","","19","3","0","7","7","0","0","1","1","1","1","",""
"Pet-147","Pet_147","Workspace.Stud Egg & Pet.Mod.Model.Pets.Pet_147","148.013229","112.037674","2257.670410","6","HumanoidRootPart","Stud_Pet_Photos/Pet_147.jpg","","","","","","39","7","0","8","8","0","0","1","1","1","1","",""
"Pet-148","Pet_148","Workspace.Stud Egg & Pet.Mod.Model.Pets.Pet_148","152.613266","111.754768","2258.252686","99","HumanoidRootPart","Stud_Pet_Photos/Pet_148.jpg","","","","","","18","1","0","4","4","0","0","1","1","1","1","",""
"Pet-149","Pet_149","Workspace.Stud Egg & Pet.Mod.Model.Pets.Pet_149","157.213287","111.632721","2257.224121","103","HumanoidRootPart","Stud_Pet_Photos/Pet_149.jpg","","","","","","28","5","0","7","7","0","0","1","1","1","1","",""
"Pet-150","Pet_150","Workspace.Stud Egg & Pet.Mod.Model.Pets.Pet_150","161.828888","111.719254","2257.647949","101","HumanoidRootPart","Stud_Pet_Photos/Pet_150.jpg","","","","","","12","1","0","6","6","0","0","1","1","1","1","",""
"Pet-151","Pet_151","Workspace.Stud Egg & Pet.Mod.Model.Pets.Pet_151","166.413345","112.453293","2257.481689","104","HumanoidRootPart","Stud_Pet_Photos/Pet_151.jpg","","","","","","0","0","0","24","24","0","0","1","1","1","1","",""
"Pet-152","Pet_152","Workspace.Stud Egg & Pet.Mod.Model.Pets.Pet_152","171.019135","111.722740","2257.374268","51","HumanoidRootPart","Stud_Pet_Photos/Pet_152.jpg","","","","","","5","1","0","9","9","0","0","1","1","1","1","",""
"Pet-153","Pet_153","Workspace.Stud Egg & Pet.Mod.Model.Pets.Pet_153","175.613358","111.840225","2257.726074","42","HumanoidRootPart","Stud_Pet_Photos/Pet_153.jpg","","","","","","29","1","0","13","13","0","0","1","1","1","1","",""
"Pet-154","Pet_154","Workspace.Stud Egg & Pet.Mod.Model.Pets.Pet_154","180.213364","113.050362","2258.690674","75","HumanoidRootPart","Stud_Pet_Photos/Pet_154.jpg","","","","","","42","1","0","32","32","0","0","1","1","1","1","",""
"Pet-155","Pet_155","Workspace.Stud Egg & Pet.Mod.Model.Pets.Pet_155","184.813354","113.250961","2257.632324","79","HumanoidRootPart","Stud_Pet_Photos/Pet_155.jpg","","","","","","0","0","0","9","9","0","0","1","1","1","1","",""
"Pet-156","Pet_156","Workspace.Stud Egg & Pet.Mod.Model.Pets.Pet_156","189.413498","112.066811","2257.917480","85","HumanoidRootPart","Stud_Pet_Photos/Pet_156.jpg","","","","","","0","0","0","7","7","0","0","1","1","1","1","",""
"Pet-157","Pet_157","Workspace.Stud Egg & Pet.Mod.Model.Pets.Pet_157","194.013428","111.727791","2257.543213","58","HumanoidRootPart","Stud_Pet_Photos/Pet_157.jpg","","","","","","29","5","0","11","11","0","0","1","1","1","1","",""
"Pet-158","Pet_158","Workspace.Stud Egg & Pet.Mod.Model.Pets.Pet_158","198.618500","112.012733","2256.880859","86","HumanoidRootPart","Stud_Pet_Photos/Pet_158.jpg","","","","","","24","1","0","56","56","0","0","1","1","1","1","",""
"Pet-159","Pet_159","Workspace.Stud Egg & Pet.Mod.Model.Pets.Pet_159","203.213486","113.573532","2258.301514","165","HumanoidRootPart","","","","","","","0","0","0","26","26","0","0","1","1","1","1","","Existing Edit viewport rendered a few ordinary Parts but omitted the UnionOperation body (Transparency=0, LocalTransparencyModifier=0). Cause of missing union rendering unverified."
"Pet-160","Pet_160","Workspace.Stud Egg & Pet.Mod.Model.Pets.Pet_160","207.813492","111.745522","2257.970947","152","HumanoidRootPart","Stud_Pet_Photos/Pet_160.jpg","","","","","","28","5","0","6","6","0","0","1","1","1","1","",""
"Pet-161","Pet_161","Workspace.Stud Egg & Pet.Mod.Model.Pets.Pet_161","120.456413","112.269035","2262.823975","148","HumanoidRootPart","Stud_Pet_Photos/Pet_161.jpg","","","","","","0","0","0","9","9","0","0","1","1","1","1","",""
"Pet-162","Pet_162","Workspace.Stud Egg & Pet.Mod.Model.Pets.Pet_162","125.013100","111.985413","2262.343750","160","HumanoidRootPart","Stud_Pet_Photos/Pet_162.jpg","","","","","","0","0","0","16","16","0","0","1","1","1","1","",""
"Pet-163","Pet_163","Workspace.Stud Egg & Pet.Mod.Model.Pets.Pet_163","129.168716","111.724045","2261.995117","155","HumanoidRootPart","Stud_Pet_Photos/Pet_163.jpg","","","","","","23","1","0","8","8","0","0","1","1","1","1","",""
"Pet-164","Pet_164","Workspace.Stud Egg & Pet.Mod.Model.Pets.Pet_164","134.249680","111.762459","2262.872070","163","HumanoidRootPart","Stud_Pet_Photos/Pet_164.jpg","","","","","","15","1","0","4","4","0","0","1","1","1","1","",""
"Pet-165","Pet_165","Workspace.Stud Egg & Pet.Mod.Model.Pets.Pet_165","138.813202","112.745544","2262.646729","164","HumanoidRootPart","Stud_Pet_Photos/Pet_165.jpg","","","","","","0","0","0","7","7","0","0","1","1","1","1","",""
"Pet-166","Pet_166","Workspace.Stud Egg & Pet.Mod.Model.Pets.Pet_166","143.411072","111.234604","2262.044922","60","HumanoidRootPart","Stud_Pet_Photos/Pet_166.jpg","","","","","","29","1","0","51","51","0","0","1","1","1","1","",""
"Pet-167","Pet_167","Workspace.Stud Egg & Pet.Mod.Model.Pets.Pet_167","147.975174","113.157356","2261.918701","139","HumanoidRootPart","Stud_Pet_Photos/Pet_167.jpg","","","","","","50","5","0","55","55","0","0","1","1","1","1","",""
"Pet-168","Pet_168","Workspace.Stud Egg & Pet.Mod.Model.Pets.Pet_168","152.613266","111.713593","2262.424561","35","HumanoidRootPart","Stud_Pet_Photos/Pet_168.jpg","","","","","","16","1","0","13","13","0","0","1","1","1","1","",""
"Pet-169","Pet_169","Workspace.Stud Egg & Pet.Mod.Model.Pets.Pet_169","157.791260","111.766953","2262.439453","20","HumanoidRootPart","Stud_Pet_Photos/Pet_169.jpg","","","","","","18","7","0","14","14","0","0","1","1","1","1","",""
"Pet-170","Pet_170","Workspace.Stud Egg & Pet.Mod.Model.Pets.Pet_170","161.813324","111.804230","2262.675781","142","HumanoidRootPart","Stud_Pet_Photos/Pet_170.jpg","","","","","","35","1","0","8","8","0","0","1","1","1","1","",""
"Pet-171","Pet_171","Workspace.Stud Egg & Pet.Mod.Model.Pets.Pet_171","164.798691","111.793129","2261.820313","24","HumanoidRootPart","Stud_Pet_Photos/Pet_171.jpg","","","","","","19","1","0","10","10","0","0","1","1","1","1","",""
"Pet-172","Pet_172","Workspace.Stud Egg & Pet.Mod.Model.Pets.Pet_172","171.013351","111.756187","2261.794678","18","HumanoidRootPart","Stud_Pet_Photos/Pet_172.jpg","","","","","","24","1","0","8","8","0","0","1","1","1","1","",""
"Pet-173","Pet_173","Workspace.Stud Egg & Pet.Mod.Model.Pets.Pet_173","175.613327","112.236954","2261.781982","11","HumanoidRootPart","Stud_Pet_Photos/Pet_173.jpg","","","","","","0","0","0","15","15","0","0","1","1","1","1","",""
"Pet-174","Pet_174","Workspace.Stud Egg & Pet.Mod.Model.Pets.Pet_174","180.213348","111.886467","2262.439453","77","HumanoidRootPart","Stud_Pet_Photos/Pet_174.jpg","","","","","","24","1","0","41","41","0","0","1","1","1","1","",""
"Pet-175","Pet_175","Workspace.Stud Egg & Pet.Mod.Model.Pets.Pet_175","184.813354","111.775078","2262.512207","124","HumanoidRootPart","Stud_Pet_Photos/Pet_175.jpg","","","","","","21","1","0","22","22","0","0","1","1","1","1","",""
"Pet-176","Pet_176","Workspace.Stud Egg & Pet.Mod.Model.Pets.Pet_176","189.413422","112.248276","2261.935791","129","HumanoidRootPart","Stud_Pet_Photos/Pet_176.jpg","","","","","","0","0","0","6","6","0","0","1","1","1","1","",""
"Pet-177","Pet_177","Workspace.Stud Egg & Pet.Mod.Model.Pets.Pet_177","194.013443","111.704292","2262.976807","123","HumanoidRootPart","Stud_Pet_Photos/Pet_177.jpg","","","","","","43","3","0","10","10","0","0","1","1","1","1","",""
"Pet-178","Pet_178","Workspace.Stud Egg & Pet.Mod.Model.Pets.Pet_178","198.613464","111.786041","2262.233154","135","HumanoidRootPart","Stud_Pet_Photos/Pet_178.jpg","","","","","","19","1","0","10","10","0","0","1","1","1","1","",""
"Pet-179","Pet_179","Workspace.Stud Egg & Pet.Mod.Model.Pets.Pet_179","203.198318","113.942108","2262.387695","136","HumanoidRootPart","Stud_Pet_Photos/Pet_179.jpg","","","","","","0","0","0","16","16","0","0","1","1","1","1","",""
"Pet-180","Pet_180","Workspace.Stud Egg & Pet.Mod.Model.Pets.Pet_180","207.813950","113.624725","2262.439453","156","MainController","Stud_Pet_Photos/Pet_180.jpg","","","","","","0","0","0","2","2","0","1","0","1","1","1","",""
