"一覧番号","モデル名","Full Path","位置X","位置Y","位置Z","同階層順番","PrimaryPart","画像","排出Pet"
"Egg-001","Egg_001","Workspace.Stud Egg & Pet.Mod.Model.EggModels.Egg_001","-113.987137","111.719208","1786.684082","80","Hitbox","未取得",""
"Egg-002","Egg_001","Workspace.Stud Egg & Pet.Mod.Model.EggModels.Egg_001","120.413147","111.719193","2267.039551","186","Hitbox","未取得",""
"Egg-003","Egg_002","Workspace.Stud Egg & Pet.Mod.Model.EggModels.Egg_002","125.013168","111.719208","2267.039551","141","Hitbox","未取得",""
"Egg-004","Egg_003","Workspace.Stud Egg & Pet.Mod.Model.EggModels.Egg_003","129.613190","111.719200","2267.039551","185","Hitbox","未取得",""
"Egg-005","Egg_004","Workspace.Stud Egg & Pet.Mod.Model.EggModels.Egg_004","134.212936","111.719193","2267.039307","112","Hitbox","未取得",""
"Egg-006","Egg_005","Workspace.Stud Egg & Pet.Mod.Model.EggModels.Egg_005","138.813019","111.719208","2267.039307","37","Hitbox","未取得",""
"Egg-007","Egg_006","Workspace.Stud Egg & Pet.Mod.Model.EggModels.Egg_006","143.413193","111.719200","2267.039551","91","Hitbox","未取得",""
"Egg-008","Egg_007","Workspace.Stud Egg & Pet.Mod.Model.EggModels.Egg_007","147.982361","111.719200","2267.008789","129","Hitbox","未取得",""
"Egg-009","Egg_008","Workspace.Stud Egg & Pet.Mod.Model.EggModels.Egg_008","152.522415","111.719231","2266.948730","110","Hitbox","未取得",""
"Egg-010","Egg_009","Workspace.Stud Egg & Pet.Mod.Model.EggModels.Egg_009","157.181519","111.719208","2267.070313","87","Hitbox","未取得",""
"Egg-011","Egg_010","Workspace.Stud Egg & Pet.Mod.Model.EggModels.Egg_010","161.813339","111.719215","2267.039551","83","Hitbox","未取得",""
"Egg-012","Egg_011","Workspace.Stud Egg & Pet.Mod.Model.EggModels.Egg_011","166.413452","111.719223","2267.039551","167","Hitbox","未取得",""
"Egg-013","Egg_012","Workspace.Stud Egg & Pet.Mod.Model.EggModels.Egg_012","171.013336","111.719193","2267.039551","171","Hitbox","未取得",""
"Egg-014","Egg_013","Workspace.Stud Egg & Pet.Mod.Model.EggModels.Egg_013","175.613724","111.719170","2267.040771","176","Hitbox","未取得",""
"Egg-015","Egg_014","Workspace.Stud Egg & Pet.Mod.Model.EggModels.Egg_014","180.213364","111.719215","2267.039551","57","Hitbox","未取得",""
"Egg-016","Egg_015","Workspace.Stud Egg & Pet.Mod.Model.EggModels.Egg_015","184.536133","111.719208","2266.761963","45","Hitbox","未取得",""
"Egg-017","Egg_016","Workspace.Stud Egg & Pet.Mod.Model.EggModels.Egg_016","189.413391","111.719185","2267.039551","89","Hitbox","未取得",""
"Egg-018","Egg_017","Workspace.Stud Egg & Pet.Mod.Model.EggModels.Egg_017","194.047195","111.719193","2267.073242","163","Hitbox","未取得",""
"Egg-019","Egg_018","Workspace.Stud Egg & Pet.Mod.Model.EggModels.Egg_018","198.578003","111.719200","2267.076172","135","Hitbox","未取得",""
"Egg-020","Egg_019","Workspace.Stud Egg & Pet.Mod.Model.EggModels.Egg_019","203.214218","111.719223","2267.040771","162","Hitbox","未取得",""
"Egg-021","Egg_020","Workspace.Stud Egg & Pet.Mod.Model.EggModels.Egg_020","207.786926","111.719200","2267.039551","100","Hitbox","未取得",""
"Egg-022","Egg_021","Workspace.Stud Egg & Pet.Mod.Model.EggModels.Egg_021","120.413162","111.719231","2271.639648","114","Hitbox","未取得",""
"Egg-023","Egg_022","Workspace.Stud Egg & Pet.Mod.Model.EggModels.Egg_022","125.013176","111.719193","2271.639648","7","Hitbox","未取得",""
"Egg-024","Egg_023","Workspace.Stud Egg & Pet.Mod.Model.EggModels.Egg_023","129.581940","111.719124","2271.677002","29","Hitbox","未取得",""
"Egg-025","Egg_024","Workspace.Stud Egg & Pet.Mod.Model.EggModels.Egg_024","134.294861","111.719185","2271.721191","42","Hitbox","未取得",""
"Egg-026","Egg_025","Workspace.Stud Egg & Pet.Mod.Model.EggModels.Egg_025","138.813187","111.719200","2271.639648","47","Hitbox","未取得",""
"Egg-027","Egg_026","Workspace.Stud Egg & Pet.Mod.Model.EggModels.Egg_026","143.323105","111.719177","2271.548584","179","Hitbox","未取得",""
"Egg-028","Egg_027","Workspace.Stud Egg & Pet.Mod.Model.EggModels.Egg_027","148.013229","111.719200","2271.639648","180","Hitbox","未取得",""
"Egg-029","Egg_028","Workspace.Stud Egg & Pet.Mod.Model.EggModels.Egg_028","152.613358","111.719223","2271.666504","178","Hitbox","未取得",""
"Egg-030","Egg_029","Workspace.Stud Egg & Pet.Mod.Model.EggModels.Egg_029","157.171860","113.546036","2271.598145","174","Hitbox","未取得",""
"Egg-031","Egg_030","Workspace.Stud Egg & Pet.Mod.Model.EggModels.Egg_030","161.813324","113.417831","2271.639648","169","Hitbox","未取得",""
"Egg-032","Egg_031","Workspace.Stud Egg & Pet.Mod.Model.EggModels.Egg_031","166.414902","113.719200","2271.634277","168","Hitbox","未取得",""
"Egg-033","Egg_032","Workspace.Stud Egg & Pet.Mod.Model.EggModels.Egg_032","171.013535","114.047531","2271.638916","160","Hitbox","未取得",""
"Egg-034","Egg_033","Workspace.Stud Egg & Pet.Mod.Model.EggModels.Egg_033","175.613342","113.210381","2271.639648","164","Hitbox","未取得",""
"Egg-035","Egg_034","Workspace.Stud Egg & Pet.Mod.Model.EggModels.Egg_034","180.226624","113.144066","2271.637695","172","Hitbox","未取得",""
"Egg-036","Egg_035","Workspace.Stud Egg & Pet.Mod.Model.EggModels.Egg_035","185.364487","112.606667","2271.639648","173","Hitbox","未取得",""
"Egg-037","Egg_036","Workspace.Stud Egg & Pet.Mod.Model.EggModels.Egg_036","189.413391","113.719193","2271.639648","190","Hitbox","未取得",""
"Egg-038","Egg_037","Workspace.Stud Egg & Pet.Mod.Model.EggModels.Egg_037","194.013168","113.582390","2271.639404","189","Hitbox","未取得",""
"Egg-039","Egg_038","Workspace.Stud Egg & Pet.Mod.Model.EggModels.Egg_038","198.613266","113.675339","2271.639893","159","Hitbox","未取得",""
"Egg-040","Egg_039","Workspace.Stud Egg & Pet.Mod.Model.EggModels.Egg_039","203.226730","113.144066","2271.637695","161","Hitbox","未取得",""
"Egg-041","Egg_040","Workspace.Stud Egg & Pet.Mod.Model.EggModels.Egg_040","207.813477","113.719200","2271.639648","183","Hitbox","未取得",""
"Egg-042","Egg_041","Workspace.Stud Egg & Pet.Mod.Model.EggModels.Egg_041","120.413162","113.719185","2276.239502","134","Hitbox","未取得",""
"Egg-043","Egg_042","Workspace.Stud Egg & Pet.Mod.Model.EggModels.Egg_042","125.013168","113.719177","2276.239746","138","Hitbox","未取得",""
"Egg-044","Egg_043","Workspace.Stud Egg & Pet.Mod.Model.EggModels.Egg_043","129.627289","113.718521","2276.237793","132","Hitbox","未取得",""
"Egg-045","Egg_044","Workspace.Stud Egg & Pet.Mod.Model.EggModels.Egg_044","134.213196","113.719200","2276.239746","148","Hitbox","未取得",""
"Egg-046","Egg_045","Workspace.Stud Egg & Pet.Mod.Model.EggModels.Egg_045","138.813187","113.719200","2276.239746","147","Hitbox","未取得",""
"Egg-047","Egg_046","Workspace.Stud Egg & Pet.Mod.Model.EggModels.Egg_046","143.413208","113.719208","2276.239746","143","Hitbox","未取得",""
"Egg-048","Egg_047","Workspace.Stud Egg & Pet.Mod.Model.EggModels.Egg_047","148.013229","113.712898","2276.239746","146","Hitbox","未取得",""
"Egg-049","Egg_048","Workspace.Stud Egg & Pet.Mod.Model.EggModels.Egg_048","152.561142","113.207138","2276.326172","144","Hitbox","未取得",""
"Egg-050","Egg_049","Workspace.Stud Egg & Pet.Mod.Model.EggModels.Egg_049","157.214584","113.632217","2276.234863","62","Hitbox","未取得",""
"Egg-051","Egg_050","Workspace.Stud Egg & Pet.Mod.Model.EggModels.Egg_050","161.813324","113.719200","2276.239746","14","Hitbox","未取得",""
"Egg-052","Egg_051","Workspace.Stud Egg & Pet.Mod.Model.EggModels.Egg_051","166.389511","112.731186","2276.106445","59","Hitbox","未取得",""
"Egg-053","Egg_052","Workspace.Stud Egg & Pet.Mod.Model.EggModels.Egg_052","171.013351","113.719200","2276.239746","99","Hitbox","未取得",""
"Egg-054","Egg_053","Workspace.Stud Egg & Pet.Mod.Model.EggModels.Egg_053","175.613800","113.719193","2276.238525","53","Hitbox","未取得",""
"Egg-055","Egg_054","Workspace.Stud Egg & Pet.Mod.Model.EggModels.Egg_054","180.213364","113.484673","2276.239502","51","Hitbox","未取得",""
"Egg-056","Egg_055","Workspace.Stud Egg & Pet.Mod.Model.EggModels.Egg_055","184.813354","113.265961","2276.239746","48","Hitbox","未取得",""
"Egg-057","Egg_056","Workspace.Stud Egg & Pet.Mod.Model.EggModels.Egg_056","189.413361","113.719215","2276.239746","1","Hitbox","未取得",""
"Egg-058","Egg_057","Workspace.Stud Egg & Pet.Mod.Model.EggModels.Egg_057","194.013428","113.719200","2276.239746","28","Hitbox","未取得",""
"Egg-059","Egg_058","Workspace.Stud Egg & Pet.Mod.Model.EggModels.Egg_058","198.613449","113.275612","2276.239746","19","Hitbox","未取得",""
"Egg-060","Egg_059","Workspace.Stud Egg & Pet.Mod.Model.EggModels.Egg_059","203.213440","113.350494","2276.239746","26","Hitbox","未取得",""
"Egg-061","Egg_060","Workspace.Stud Egg & Pet.Mod.Model.EggModels.Egg_060","207.813507","113.719177","2276.239746","13","Hitbox","未取得",""
"Egg-062","Egg_061","Workspace.Stud Egg & Pet.Mod.Model.EggModels.Egg_061","120.413147","113.719208","2280.839600","18","Hitbox","未取得",""
"Egg-063","Egg_062","Workspace.Stud Egg & Pet.Mod.Model.EggModels.Egg_062","125.013168","113.719200","2280.839600","21","Hitbox","未取得",""
"Egg-064","Egg_063","Workspace.Stud Egg & Pet.Mod.Model.EggModels.Egg_063","129.613190","113.719200","2280.839600","9","Hitbox","未取得",""
"Egg-065","Egg_064","Workspace.Stud Egg & Pet.Mod.Model.EggModels.Egg_064","134.213196","113.719200","2280.839600","11","Hitbox","未取得",""
"Egg-066","Egg_065","Workspace.Stud Egg & Pet.Mod.Model.EggModels.Egg_065","138.813187","113.719193","2280.839600","139","Hitbox","未取得",""
"Egg-067","Egg_066","Workspace.Stud Egg & Pet.Mod.Model.EggModels.Egg_066","143.426483","113.144066","2280.837646","68","Hitbox","未取得",""
"Egg-068","Egg_067","Workspace.Stud Egg & Pet.Mod.Model.EggModels.Egg_067","148.013702","113.718239","2280.839600","82","Hitbox","未取得",""
"Egg-069","Egg_068","Workspace.Stud Egg & Pet.Mod.Model.EggModels.Egg_068","152.613861","113.718002","2280.840088","98","Hitbox","未取得",""
"Egg-070","Egg_069","Workspace.Stud Egg & Pet.Mod.Model.EggModels.Egg_069","157.213287","113.719200","2280.839600","115","Hitbox","未取得",""
"Egg-071","Egg_070","Workspace.Stud Egg & Pet.Mod.Model.EggModels.Egg_070","161.813339","113.330124","2280.839844","184","Hitbox","未取得",""
"Egg-072","Egg_071","Workspace.Stud Egg & Pet.Mod.Model.EggModels.Egg_071","166.413345","113.719200","2280.839600","12","Hitbox","未取得",""
"Egg-073","Egg_072","Workspace.Stud Egg & Pet.Mod.Model.EggModels.Egg_072","171.013535","112.844772","2280.763184","8","Hitbox","未取得",""
"Egg-074","Egg_073","Workspace.Stud Egg & Pet.Mod.Model.EggModels.Egg_073","175.613373","113.639610","2280.839844","31","Hitbox","未取得",""
"Egg-075","Egg_074","Workspace.Stud Egg & Pet.Mod.Model.EggModels.Egg_074","180.213348","113.712845","2280.839600","30","Hitbox","未取得",""
"Egg-076","Egg_075","Workspace.Stud Egg & Pet.Mod.Model.EggModels.Egg_075","184.856384","112.966957","2281.000977","35","Hitbox","未取得",""
"Egg-077","Egg_076","Workspace.Stud Egg & Pet.Mod.Model.EggModels.Egg_076","189.413391","113.719200","2280.839600","34","Hitbox","未取得",""
"Egg-078","Egg_077","Workspace.Stud Egg & Pet.Mod.Model.EggModels.Egg_077","194.013458","113.562111","2280.839600","187","Hitbox","未取得",""
"Egg-079","Egg_078","Workspace.Stud Egg & Pet.Mod.Model.EggModels.Egg_078","198.613281","113.675339","2280.839844","191","Hitbox","未取得",""
"Egg-080","Egg_079","Workspace.Stud Egg & Pet.Mod.Model.EggModels.Egg_079","203.213150","113.582397","2280.839600","188","Hitbox","未取得",""
"Egg-081","Egg_080","Workspace.Stud Egg & Pet.Mod.Model.EggModels.Egg_080","207.813416","113.719383","2280.839600","5","Hitbox","未取得",""
"Egg-082","Egg_081","Workspace.Stud Egg & Pet.Mod.Model.EggModels.Egg_081","120.408707","113.719383","2285.439209","165","Hitbox","未取得",""
"Egg-083","Egg_082","Workspace.Stud Egg & Pet.Mod.Model.EggModels.Egg_082","125.383957","113.719200","2285.439453","127","Hitbox","未取得",""
"Egg-084","Egg_083","Workspace.Stud Egg & Pet.Mod.Model.EggModels.Egg_083","129.613190","113.598343","2285.439697","124","Hitbox","未取得",""
"Egg-085","Egg_084","Workspace.Stud Egg & Pet.Mod.Model.EggModels.Egg_084","134.213730","113.719223","2285.438232","126","Hitbox","未取得",""
"Egg-086","Egg_085","Workspace.Stud Egg & Pet.Mod.Model.EggModels.Egg_085","138.813202","111.719215","2285.439697","77","Hitbox","未取得",""
"Egg-087","Egg_086","Workspace.Stud Egg & Pet.Mod.Model.EggModels.Egg_086","143.413208","111.719200","2285.439697","76","Hitbox","未取得",""
"Egg-088","Egg_087","Workspace.Stud Egg & Pet.Mod.Model.EggModels.Egg_087","147.638245","112.730568","2285.064209","75","Hitbox","未取得",""
"Egg-089","Egg_088","Workspace.Stud Egg & Pet.Mod.Model.EggModels.Egg_088","152.613571","111.719200","2285.439697","33","Hitbox","未取得",""
"Egg-090","Egg_089","Workspace.Stud Egg & Pet.Mod.Model.EggModels.Egg_089","157.213974","111.719200","2285.439453","32","Hitbox","未取得",""
"Egg-091","Egg_090","Workspace.Stud Egg & Pet.Mod.Model.EggModels.Egg_090","161.814575","111.719193","2285.439209","170","Hitbox","未取得",""
"Egg-092","Egg_091","Workspace.Stud Egg & Pet.Mod.Model.EggModels.Egg_091","166.413345","113.719185","2285.439697","175","Hitbox","未取得",""
"Egg-093","Egg_092","Workspace.Stud Egg & Pet.Mod.Model.EggModels.Egg_092","171.013351","113.719193","2285.439697","177","Hitbox","未取得",""
"Egg-094","Egg_093","Workspace.Stud Egg & Pet.Mod.Model.EggModels.Egg_093","175.614014","113.719193","2285.438232","158","Hitbox","未取得",""
"Egg-095","Egg_094","Workspace.Stud Egg & Pet.Mod.Model.EggModels.Egg_094","180.213348","113.712875","2285.439697","156","Hitbox","未取得",""
"Egg-096","Egg_095","Workspace.Stud Egg & Pet.Mod.Model.EggModels.Egg_095","184.813354","113.719299","2285.439697","25","Hitbox","未取得",""
"Egg-097","Egg_096","Workspace.Stud Egg & Pet.Mod.Model.EggModels.Egg_096","189.426666","113.144066","2285.437744","23","Hitbox","未取得",""
"Egg-098","Egg_097","Workspace.Stud Egg & Pet.Mod.Model.EggModels.Egg_097","194.013443","113.260918","2285.439697","60","Hitbox","未取得",""
"Egg-099","Egg_098","Workspace.Stud Egg & Pet.Mod.Model.EggModels.Egg_098","198.613449","113.603043","2285.439697","55","Hitbox","未取得",""
"Egg-100","Egg_099","Workspace.Stud Egg & Pet.Mod.Model.EggModels.Egg_099","203.226746","113.144066","2285.437744","40","Hitbox","未取得",""
"Egg-101","Egg_100","Workspace.Stud Egg & Pet.Mod.Model.EggModels.Egg_100","207.813477","112.451309","2285.439697","52","Hitbox","未取得",""
"Egg-102","Egg_101","Workspace.Stud Egg & Pet.Mod.Model.EggModels.Egg_101","120.413147","113.719200","2290.039551","73","Hitbox","未取得",""
"Egg-103","Egg_102","Workspace.Stud Egg & Pet.Mod.Model.EggModels.Egg_102","125.013168","113.719200","2290.039551","71","Hitbox","未取得",""
"Egg-104","Egg_103","Workspace.Stud Egg & Pet.Mod.Model.EggModels.Egg_103","129.613190","112.529396","2290.039795","70","Hitbox","未取得",""
"Egg-105","Egg_104","Workspace.Stud Egg & Pet.Mod.Model.EggModels.Egg_104","134.213196","113.719200","2290.039795","69","Hitbox","未取得",""
"Egg-106","Egg_105","Workspace.Stud Egg & Pet.Mod.Model.EggModels.Egg_105","138.813187","113.565315","2290.039551","67","Hitbox","未取得",""
"Egg-107","Egg_106","Workspace.Stud Egg & Pet.Mod.Model.EggModels.Egg_106","143.413269","113.719215","2290.039795","65","Hitbox","未取得",""
"Egg-108","Egg_107","Workspace.Stud Egg & Pet.Mod.Model.EggModels.Egg_107","148.013214","113.719208","2290.039551","145","Hitbox","未取得",""
"Egg-109","Egg_108","Workspace.Stud Egg & Pet.Mod.Model.EggModels.Egg_108","152.613266","113.719200","2290.039551","140","Hitbox","未取得",""
"Egg-110","Egg_109","Workspace.Stud Egg & Pet.Mod.Model.EggModels.Egg_109","157.213303","113.719200","2290.039795","142","Hitbox","未取得",""
"Egg-111","Egg_110","Workspace.Stud Egg & Pet.Mod.Model.EggModels.Egg_110","161.813354","113.015495","2290.043945","137","Hitbox","未取得",""
"Egg-112","Egg_111","Workspace.Stud Egg & Pet.Mod.Model.EggModels.Egg_111","166.413345","113.719200","2290.039551","181","Hitbox","未取得",""
"Egg-113","Egg_112","Workspace.Stud Egg & Pet.Mod.Model.EggModels.Egg_112","171.013351","113.719208","2290.039551","182","Hitbox","未取得",""
"Egg-114","Egg_113","Workspace.Stud Egg & Pet.Mod.Model.EggModels.Egg_113","175.613358","113.719200","2290.039551","24","Hitbox","未取得",""
"Egg-115","Egg_114","Workspace.Stud Egg & Pet.Mod.Model.EggModels.Egg_114","180.213364","113.327248","2290.039551","4","Hitbox","未取得",""
"Egg-116","Egg_115","Workspace.Stud Egg & Pet.Mod.Model.EggModels.Egg_115","184.813354","113.719208","2290.039551","15","Hitbox","未取得",""
"Egg-117","Egg_116","Workspace.Stud Egg & Pet.Mod.Model.EggModels.Egg_116","189.413422","113.719017","2290.039795","3","Hitbox","未取得",""
"Egg-118","Egg_117","Workspace.Stud Egg & Pet.Mod.Model.EggModels.Egg_117","194.026703","113.144066","2290.037842","6","Hitbox","未取得",""
"Egg-119","Egg_118","Workspace.Stud Egg & Pet.Mod.Model.EggModels.Egg_118","198.613464","113.250839","2290.039795","157","Hitbox","未取得",""
"Egg-120","Egg_119","Workspace.Stud Egg & Pet.Mod.Model.EggModels.Egg_119","203.213455","113.719177","2290.039551","151","","未取得",""
"Egg-121","Egg_120","Workspace.Stud Egg & Pet.Mod.Model.EggModels.Egg_120","207.813461","113.719658","2290.039551","150","Hitbox","未取得",""
"Egg-122","Egg_121","Workspace.Stud Egg & Pet.Mod.Model.EggModels.Egg_121","120.413139","113.719185","2294.639648","152","Hitbox","未取得",""
"Egg-123","Egg_122","Workspace.Stud Egg & Pet.Mod.Model.EggModels.Egg_122","125.056915","113.357681","2294.623291","154","Hitbox","未取得",""
"Egg-124","Egg_123","Workspace.Stud Egg & Pet.Mod.Model.EggModels.Egg_123","129.613205","113.719200","2294.639648","155","Hitbox","未取得",""
"Egg-125","Egg_124","Workspace.Stud Egg & Pet.Mod.Model.EggModels.Egg_124","134.213196","113.719200","2294.639648","166","Hitbox","未取得",""
"Egg-126","Egg_125","Workspace.Stud Egg & Pet.Mod.Model.EggModels.Egg_125","138.813202","113.719200","2294.639648","17","Hitbox","未取得",""
"Egg-127","Egg_126","Workspace.Stud Egg & Pet.Mod.Model.EggModels.Egg_126","143.479462","113.378876","2294.638672","2","Hitbox","未取得",""
"Egg-128","Egg_127","Workspace.Stud Egg & Pet.Mod.Model.EggModels.Egg_127","148.014496","113.285614","2294.636475","20","Hitbox","未取得",""
"Egg-129","Egg_128","Workspace.Stud Egg & Pet.Mod.Model.EggModels.Egg_128","152.613266","113.719200","2294.639648","38","Hitbox","未取得",""
"Egg-130","Egg_129","Workspace.Stud Egg & Pet.Mod.Model.EggModels.Egg_129","157.213303","113.719200","2294.639648","192","Hitbox","未取得",""
"Egg-131","Egg_130","Workspace.Stud Egg & Pet.Mod.Model.EggModels.Egg_130","161.813324","113.719193","2294.640137","149","Hitbox","未取得",""
"Egg-132","Egg_131","Workspace.Stud Egg & Pet.Mod.Model.EggModels.Egg_131","166.413345","113.702744","2294.639648","133","Hitbox","未取得",""
"Egg-133","Egg_132","Workspace.Stud Egg & Pet.Mod.Model.EggModels.Egg_132","171.013367","113.357964","2294.639648","136","Hitbox","未取得",""
"Egg-134","Egg_133","Workspace.Stud Egg & Pet.Mod.Model.EggModels.Egg_133","175.613358","113.425064","2294.639648","130","Hitbox","未取得",""
"Egg-135","Egg_134","Workspace.Stud Egg & Pet.Mod.Model.EggModels.Egg_134","180.213364","113.719200","2294.639648","109","Hitbox","未取得",""
"Egg-136","Egg_135","Workspace.Stud Egg & Pet.Mod.Model.EggModels.Egg_135","184.813370","113.719200","2294.639648","111","Hitbox","未取得",""
"Egg-137","Egg_136","Workspace.Stud Egg & Pet.Mod.Model.EggModels.Egg_136","189.413391","113.719200","2294.639648","113","Hitbox","未取得",""
"Egg-138","Egg_137","Workspace.Stud Egg & Pet.Mod.Model.EggModels.Egg_137","194.013428","113.719200","2294.639648","106","Hitbox","未取得",""
"Egg-139","Egg_138","Workspace.Stud Egg & Pet.Mod.Model.EggModels.Egg_138","198.613464","113.719200","2294.639648","79","Hitbox","未取得",""
"Egg-140","Egg_139","Workspace.Stud Egg & Pet.Mod.Model.EggModels.Egg_139","203.213470","113.719200","2294.639648","117","Hitbox","未取得",""
"Egg-141","Egg_140","Workspace.Stud Egg & Pet.Mod.Model.EggModels.Egg_140","207.813477","113.719185","2294.639648","118","Hitbox","未取得",""
"Egg-142","Egg_141","Workspace.Stud Egg & Pet.Mod.Model.EggModels.Egg_141","120.413139","113.719200","2299.239746","116","Hitbox","未取得",""
"Egg-143","Egg_142","Workspace.Stud Egg & Pet.Mod.Model.EggModels.Egg_142","125.013084","113.618790","2299.239746","125","Hitbox","未取得",""
"Egg-144","Egg_143","Workspace.Stud Egg & Pet.Mod.Model.EggModels.Egg_143","129.613174","113.639610","2299.239746","122","Hitbox","未取得",""
"Egg-145","Egg_144","Workspace.Stud Egg & Pet.Mod.Model.EggModels.Egg_144","134.213013","113.675331","2299.239990","119","Hitbox","未取得",""
"Egg-146","Egg_145","Workspace.Stud Egg & Pet.Mod.Model.EggModels.Egg_145","138.812927","113.582390","2299.239502","123","Hitbox","未取得",""
"Egg-147","Egg_146","Workspace.Stud Egg & Pet.Mod.Model.EggModels.Egg_146","143.413208","113.350418","2299.239746","50","Hitbox","未取得",""
"Egg-148","Egg_147","Workspace.Stud Egg & Pet.Mod.Model.EggModels.Egg_147","148.013214","113.719200","2299.239746","56","Hitbox","未取得",""
"Egg-149","Egg_148","Workspace.Stud Egg & Pet.Mod.Model.EggModels.Egg_148","152.613266","113.719200","2299.239746","36","Hitbox","未取得",""
"Egg-150","Egg_149","Workspace.Stud Egg & Pet.Mod.Model.EggModels.Egg_149","157.213287","113.719200","2299.239746","46","Hitbox","未取得",""
"Egg-151","Egg_150","Workspace.Stud Egg & Pet.Mod.Model.EggModels.Egg_150","161.813324","113.526039","2299.239746","72","Hitbox","未取得",""
"Egg-152","Egg_151","Workspace.Stud Egg & Pet.Mod.Model.EggModels.Egg_151","166.413345","113.719200","2299.239746","61","Hitbox","未取得",""
"Egg-153","Egg_152","Workspace.Stud Egg & Pet.Mod.Model.EggModels.Egg_152","171.453903","111.703064","2299.239746","63","MainController","未取得",""
"Egg-154","Egg_153","Workspace.Stud Egg & Pet.Mod.Model.EggModels.Egg_153","175.895462","111.766571","2299.239746","96","MainController","未取得",""
"Egg-155","Egg_154","Workspace.Stud Egg & Pet.Mod.Model.EggModels.Egg_154","179.611115","111.719200","2299.239746","128","MainController","未取得",""
"Egg-156","Egg_155","Workspace.Stud Egg & Pet.Mod.Model.EggModels.Egg_155","179.181671","111.745224","2299.121338","90","MainController","未取得",""
"Egg-157","Egg_156","Workspace.Stud Egg & Pet.Mod.Model.EggModels.Egg_156","189.379684","111.719200","2299.239746","92","MainController","未取得",""
"Egg-158","Egg_157","Workspace.Stud Egg & Pet.Mod.Model.EggModels.Egg_157","194.013428","113.719200","2299.239746","107","Hitbox","未取得",""
"Egg-159","Egg_158","Workspace.Stud Egg & Pet.Mod.Model.EggModels.Egg_158","197.716217","112.906555","2299.219727","108","Hitbox","未取得",""
"Egg-160","Egg_159","Workspace.Stud Egg & Pet.Mod.Model.EggModels.Egg_159","203.213470","113.107414","2299.239746","86","Hitbox","未取得",""
"Egg-161","Egg_160","Workspace.Stud Egg & Pet.Mod.Model.EggModels.Egg_160","207.813477","113.719193","2299.239746","43","Hitbox","未取得",""
"Egg-162","Egg_161","Workspace.Stud Egg & Pet.Mod.Model.EggModels.Egg_161","120.413147","113.709023","2303.839844","44","Hitbox","未取得",""
"Egg-163","Egg_162","Workspace.Stud Egg & Pet.Mod.Model.EggModels.Egg_162","125.013168","113.627396","2303.839844","49","Hitbox","未取得",""
"Egg-164","Egg_163","Workspace.Stud Egg & Pet.Mod.Model.EggModels.Egg_163","129.613190","113.658318","2303.839844","54","Hitbox","未取得",""
"Egg-165","Egg_164","Workspace.Stud Egg & Pet.Mod.Model.EggModels.Egg_164","134.213196","113.179131","2303.839600","41","Hitbox","未取得",""
"Egg-166","Egg_165","Workspace.Stud Egg & Pet.Mod.Model.EggModels.Egg_165","138.813187","113.719200","2303.839844","88","Hitbox","未取得",""
"Egg-167","Egg_166","Workspace.Stud Egg & Pet.Mod.Model.EggModels.Egg_166","143.077805","113.719223","2303.748779","74","Hitbox","未取得",""
"Egg-168","Egg_167","Workspace.Stud Egg & Pet.Mod.Model.EggModels.Egg_167","148.013046","113.675331","2303.840088","78","Hitbox","未取得",""
"Egg-169","Egg_168","Workspace.Stud Egg & Pet.Mod.Model.EggModels.Egg_168","152.612991","113.582390","2303.839600","81","Hitbox","未取得",""
"Egg-170","Egg_169","Workspace.Stud Egg & Pet.Mod.Model.EggModels.Egg_169","157.213303","113.719200","2303.839600","85","Hitbox","未取得",""
"Egg-171","Egg_170","Workspace.Stud Egg & Pet.Mod.Model.EggModels.Egg_170","161.813339","113.719193","2303.839844","102","Hitbox","未取得",""
"Egg-172","Egg_171","Workspace.Stud Egg & Pet.Mod.Model.EggModels.Egg_171","166.413528","113.117287","2303.838867","104","Hitbox","未取得",""
"Egg-173","Egg_172","Workspace.Stud Egg & Pet.Mod.Model.EggModels.Egg_172","171.013351","112.720840","2303.839844","103","Hitbox","未取得",""
"Egg-174","Egg_173","Workspace.Stud Egg & Pet.Mod.Model.EggModels.Egg_173","175.613358","112.703705","2303.839844","93","Hitbox","未取得",""
"Egg-175","Egg_174","Workspace.Stud Egg & Pet.Mod.Model.EggModels.Egg_174","180.213364","113.719200","2303.839844","97","Hitbox","未取得",""
"Egg-176","Egg_175","Workspace.Stud Egg & Pet.Mod.Model.EggModels.Egg_175","184.838348","111.719208","2303.871826","64","Hitbox","未取得",""
"Egg-177","Egg_176","Workspace.Stud Egg & Pet.Mod.Model.EggModels.Egg_176","189.413406","111.719162","2303.839844","58","Hitbox","未取得",""
"Egg-178","Egg_177","Workspace.Stud Egg & Pet.Mod.Model.EggModels.Egg_177","194.013275","111.719200","2303.839600","131","Hitbox","未取得",""
"Egg-179","Egg_178","Workspace.Stud Egg & Pet.Mod.Model.EggModels.Egg_178","198.681778","111.719208","2303.907959","27","Hitbox","未取得",""
"Egg-180","Egg_179","Workspace.Stud Egg & Pet.Mod.Model.EggModels.Egg_179","203.213470","111.719200","2303.839844","39","RootPart","未取得",""
"Egg-181","Egg_180","Workspace.Stud Egg & Pet.Mod.Model.EggModels.Egg_180","207.961182","111.719185","2303.988281","66","Hitbox","未取得",""
"Egg-182","Egg_181","Workspace.Stud Egg & Pet.Mod.Model.EggModels.Egg_181","120.413155","111.719193","2308.439697","84","Hitbox","未取得",""
"Egg-183","Egg_182","Workspace.Stud Egg & Pet.Mod.Model.EggModels.Egg_182","125.013161","111.719200","2308.439697","101","Hitbox","未取得",""
"Egg-184","Egg_183","Workspace.Stud Egg & Pet.Mod.Model.EggModels.Egg_183","129.612701","111.719223","2308.440186","105","Hitbox","未取得",""
"Egg-185","Egg_184","Workspace.Stud Egg & Pet.Mod.Model.EggModels.Egg_184","134.348419","111.719200","2308.575439","22","Hitbox","未取得",""
"Egg-186","Egg_185","Workspace.Stud Egg & Pet.Mod.Model.EggModels.Egg_185","138.813187","111.719193","2308.439697","16","Hitbox","未取得",""
"Egg-187","Egg_186","Workspace.Stud Egg & Pet.Mod.Model.EggModels.Egg_186","143.377823","111.719185","2308.476318","10","Hitbox","未取得",""
"Egg-188","Egg_187","Workspace.Stud Egg & Pet.Mod.Model.EggModels.Egg_187","148.013214","111.719200","2308.439697","95","Hitbox","未取得",""
"Egg-189","Egg_188","Workspace.Stud Egg & Pet.Mod.Model.EggModels.Egg_188","152.613251","111.719193","2308.439697","153","Hitbox","未取得",""
"Egg-190","Egg_189","Workspace.Stud Egg & Pet.Mod.Model.EggModels.Egg_189","157.189606","111.719185","2308.415039","120","Hitbox","未取得",""
"Egg-191","Egg_190","Workspace.Stud Egg & Pet.Mod.Model.EggModels.Egg_190","161.789597","111.719208","2308.415283","121","Hitbox","未取得",""
"Egg-192","Egg_191","Workspace.Stud Egg & Pet.Mod.Model.EggModels.Egg_191","166.413330","111.719200","2308.439697","94","Hitbox","未取得",""
